tunti,kwh,spot_snt_kwh,kokonaishinta_snt_kwh,kustannus_eur
2026-08-28T23:00:00+03:00,1.4913,0.2930,0.8571,0.0128
2026-08-29T00:00:00+03:00,6.9250,0.2020,0.7430,0.0515
2026-08-29T01:00:00+03:00,8.3004,0.1957,0.7351,0.0610
2026-08-29T02:00:00+03:00,8.3106,0.1950,0.7342,0.0610
2026-08-29T03:00:00+03:00,8.2221,0.1993,0.7395,0.0608
2026-08-29T04:00:00+03:00,8.1909,0.1960,0.7354,0.0602
2026-08-29T05:00:00+03:00,4.6767,0.1974,0.7372,0.0345
2026-09-03T00:00:00+03:00,0.0378,2.6080,3.7625,0.0014
2026-09-03T01:00:00+03:00,8.1650,2.3410,3.4274,0.2798
2026-09-03T02:00:00+03:00,8.2876,2.3282,3.4113,0.2827
2026-09-03T03:00:00+03:00,8.2697,2.3235,3.4054,0.2816
2026-09-03T04:00:00+03:00,8.2802,2.3235,3.4054,0.2820
2026-09-03T05:00:00+03:00,8.1111,2.3323,3.4165,0.2771
2026-09-03T06:00:00+03:00,0.1057,1.6005,2.4981,0.0026
2026-09-05T12:00:00+03:00,0.0491,0.7000,1.3679,0.0007
2026-09-05T13:00:00+03:00,8.0738,0.5967,1.2383,0.1000
2026-09-05T14:00:00+03:00,5.6641,0.4448,1.0477,0.0593
2026-09-06T02:00:00+03:00,0.0410,0.2000,0.7405,0.0003
2026-09-06T03:00:00+03:00,8.1705,0.1995,0.7398,0.0604
2026-09-06T04:00:00+03:00,5.9306,0.1993,0.7396,0.0439
2026-09-06T05:00:00+03:00,0.0029,0.1990,0.7392,0.0000
2026-09-08T00:00:00+03:00,0.0600,0.1550,0.6840,0.0004
2026-09-08T01:00:00+03:00,8.0917,0.2005,0.7410,0.0600
2026-09-08T02:00:00+03:00,8.0414,0.1466,0.6735,0.0542
2026-09-08T03:00:00+03:00,8.2543,0.1310,0.6539,0.0540
2026-09-08T04:00:00+03:00,6.2991,0.1222,0.6429,0.0405
2026-09-08T05:00:00+03:00,0.0705,0.1961,0.7356,0.0005
2026-09-08T17:00:00+03:00,7.7727,3.4426,4.8099,0.3739
2026-09-08T18:00:00+03:00,0.1233,4.0050,5.5157,0.0068
2026-09-13T01:00:00+03:00,0.0383,0.4420,1.0442,0.0004
2026-09-13T02:00:00+03:00,8.1003,0.3517,0.9309,0.0754
2026-09-13T03:00:00+03:00,8.2856,0.3563,0.9366,0.0776
2026-09-13T04:00:00+03:00,8.0586,0.3523,0.9315,0.0751
2026-09-13T05:00:00+03:00,8.2791,0.3563,0.9366,0.0775
2026-09-13T06:00:00+03:00,3.1002,0.3681,0.9514,0.0295
2026-09-16T02:00:00+03:00,0.0508,0.2250,0.7718,0.0004
2026-09-16T03:00:00+03:00,8.1700,0.2243,0.7710,0.0630
2026-09-16T04:00:00+03:00,8.2689,0.2190,0.7643,0.0632
2026-09-16T05:00:00+03:00,7.3017,0.2223,0.7685,0.0561
2026-09-16T06:00:00+03:00,0.0635,0.2470,0.7994,0.0005
2026-09-17T00:00:00+03:00,0.0509,0.6990,1.3667,0.0007
2026-09-17T01:00:00+03:00,8.1271,0.6672,1.3267,0.1078
2026-09-17T02:00:00+03:00,8.1875,0.7672,1.4523,0.1189
2026-09-17T03:00:00+03:00,0.1155,0.7500,1.4307,0.0017
2026-09-19T22:00:00+03:00,2.4490,0.5211,1.1435,0.0280
2026-09-20T02:00:00+03:00,0.0480,-0.0030,0.4857,0.0002
2026-09-20T03:00:00+03:00,8.0608,-0.0148,0.4708,0.0380
2026-09-20T04:00:00+03:00,8.1808,-0.0200,0.4643,0.0380
2026-09-20T05:00:00+03:00,6.0985,-0.0331,0.4480,0.0273
2026-09-20T06:00:00+03:00,0.0040,-0.0210,0.4631,0.0000
2026-09-25T00:00:00+03:00,0.0489,2.9050,4.1352,0.0020
2026-09-25T01:00:00+03:00,8.0757,3.4265,4.7897,0.3868
2026-09-25T02:00:00+03:00,8.1267,3.4452,4.8131,0.3912
2026-09-25T03:00:00+03:00,0.1317,3.4140,4.7740,0.0063
2026-09-26T14:00:00+03:00,4.1514,1.7203,2.6485,0.1099
2026-09-26T15:00:00+03:00,0.5246,1.4563,2.3171,0.0122
2026-09-27T02:00:00+03:00,0.0598,1.2690,2.0820,0.0012
2026-09-27T03:00:00+03:00,8.1383,1.2980,2.1184,0.1724
2026-09-27T04:00:00+03:00,8.2309,1.3400,2.1712,0.1787
2026-09-27T05:00:00+03:00,8.2276,0.9425,1.6723,0.1376
2026-09-27T06:00:00+03:00,8.1860,0.9141,1.6366,0.1340
2026-09-27T07:00:00+03:00,4.8710,1.0383,1.7925,0.0873
2026-09-27T08:00:00+03:00,0.0225,1.0000,1.7445,0.0004
2026-09-28T22:00:00+03:00,5.7335,0.7335,1.4100,0.0808
2026-09-28T23:00:00+03:00,0.0525,0.9040,1.6240,0.0009
2026-09-29T01:00:00+03:00,0.0499,0.4990,1.1157,0.0006
2026-09-29T02:00:00+03:00,4.7825,0.4167,1.0124,0.0484
2026-09-29T03:00:00+03:00,0.0226,0.5020,1.1195,0.0003
2026-10-01T22:00:00+03:00,0.0499,1.1010,1.8712,0.0009
2026-10-01T23:00:00+03:00,8.0351,1.3340,2.1636,0.1738
2026-10-02T00:00:00+03:00,8.1383,1.1763,1.9657,0.1600
2026-10-02T01:00:00+03:00,0.0807,2.0350,3.0434,0.0025
2026-10-04T00:00:00+03:00,0.0475,1.0000,1.7445,0.0008
2026-10-04T01:00:00+03:00,8.1696,0.9509,1.6828,0.1375
2026-10-04T02:00:00+03:00,8.2834,0.9090,1.6302,0.1350
2026-10-04T03:00:00+03:00,7.8346,0.9971,1.7408,0.1364
2026-10-04T04:00:00+03:00,0.0940,0.9970,1.7407,0.0016
2026-10-07T00:00:00+03:00,8.0458,-0.0020,0.4869,0.0392
2026-10-07T01:00:00+03:00,6.2072,0.0000,0.4894,0.0304
