tunti,kwh
2026-08-28T23:00:00+03:00,1.4913
2026-08-29T00:00:00+03:00,6.9250
2026-08-29T01:00:00+03:00,8.3004
2026-08-29T02:00:00+03:00,8.3106
2026-08-29T03:00:00+03:00,8.2221
2026-08-29T04:00:00+03:00,8.1909
2026-08-29T05:00:00+03:00,4.6767
2026-09-03T00:00:00+03:00,0.0378
2026-09-03T01:00:00+03:00,8.1650
2026-09-03T02:00:00+03:00,8.2876
2026-09-03T03:00:00+03:00,8.2697
2026-09-03T04:00:00+03:00,8.2802
2026-09-03T05:00:00+03:00,8.1111
2026-09-03T06:00:00+03:00,0.1057
2026-09-05T12:00:00+03:00,0.0491
2026-09-05T13:00:00+03:00,8.0738
2026-09-05T14:00:00+03:00,5.6641
2026-09-06T02:00:00+03:00,0.0410
2026-09-06T03:00:00+03:00,8.1705
2026-09-06T04:00:00+03:00,5.9306
2026-09-06T05:00:00+03:00,0.0029
2026-09-08T00:00:00+03:00,0.0600
2026-09-08T01:00:00+03:00,8.0917
2026-09-08T02:00:00+03:00,8.0414
2026-09-08T03:00:00+03:00,8.2543
2026-09-08T04:00:00+03:00,6.2991
2026-09-08T05:00:00+03:00,0.0705
2026-09-08T17:00:00+03:00,7.7727
2026-09-08T18:00:00+03:00,0.1233
2026-09-13T01:00:00+03:00,0.0383
2026-09-13T02:00:00+03:00,8.1003
2026-09-13T03:00:00+03:00,8.2856
2026-09-13T04:00:00+03:00,8.0586
2026-09-13T05:00:00+03:00,8.2791
2026-09-13T06:00:00+03:00,3.1002
2026-09-16T02:00:00+03:00,0.0508
2026-09-16T03:00:00+03:00,8.1700
2026-09-16T04:00:00+03:00,8.2689
2026-09-16T05:00:00+03:00,7.3017
2026-09-16T06:00:00+03:00,0.0635
2026-09-17T00:00:00+03:00,0.0509
2026-09-17T01:00:00+03:00,8.1271
2026-09-17T02:00:00+03:00,8.1875
2026-09-17T03:00:00+03:00,0.1155
2026-09-19T22:00:00+03:00,2.4490
2026-09-20T02:00:00+03:00,0.0480
2026-09-20T03:00:00+03:00,8.0608
2026-09-20T04:00:00+03:00,8.1808
2026-09-20T05:00:00+03:00,6.0985
2026-09-20T06:00:00+03:00,0.0040
2026-09-25T00:00:00+03:00,0.0489
2026-09-25T01:00:00+03:00,8.0757
2026-09-25T02:00:00+03:00,8.1267
2026-09-25T03:00:00+03:00,0.1317
2026-09-26T14:00:00+03:00,4.1514
2026-09-26T15:00:00+03:00,0.5246
2026-09-27T02:00:00+03:00,0.0598
2026-09-27T03:00:00+03:00,8.1383
2026-09-27T04:00:00+03:00,8.2309
2026-09-27T05:00:00+03:00,8.2276
2026-09-27T06:00:00+03:00,8.1860
2026-09-27T07:00:00+03:00,4.8710
2026-09-27T08:00:00+03:00,0.0225
2026-09-28T22:00:00+03:00,5.7335
2026-09-28T23:00:00+03:00,0.0525
2026-09-29T01:00:00+03:00,0.0499
2026-09-29T02:00:00+03:00,4.7825
2026-09-29T03:00:00+03:00,0.0226
2026-10-01T22:00:00+03:00,0.0499
2026-10-01T23:00:00+03:00,8.0351
2026-10-02T00:00:00+03:00,8.1383
2026-10-02T01:00:00+03:00,0.0807
2026-10-04T00:00:00+03:00,0.0475
2026-10-04T01:00:00+03:00,8.1696
2026-10-04T02:00:00+03:00,8.2834
2026-10-04T03:00:00+03:00,7.8346
2026-10-04T04:00:00+03:00,0.0940
2026-10-07T00:00:00+03:00,8.0458
2026-10-07T01:00:00+03:00,8.1882
2026-10-07T02:00:00+03:00,4.4820
2026-10-10T09:00:00+03:00,2.6056
2026-10-10T10:00:00+03:00,8.1320
2026-10-10T11:00:00+03:00,8.1158
2026-10-10T12:00:00+03:00,8.1325
2026-10-10T13:00:00+03:00,0.1202
